{"Version":"5.5.12.1","List":[{"Description":"Ballot 1 - Type 1","Id":1,"ExternalId":""},{"Description":"Ballot 2 - Type 2","Id":2,"ExternalId":""},{"Description":"Ballot 3 - Type 3","Id":3,"ExternalId":""},{"Description":"Ballot 4 - Type 4","Id":4,"ExternalId":""},{"Description":"Ballot 5 - Type 5","Id":5,"ExternalId":""},{"Description":"Ballot 6 - Type 6","Id":6,"ExternalId":""},{"Description":"Ballot 7 - Type 7","Id":7,"ExternalId":""},{"Description":"Ballot 8 - Type 8","Id":8,"ExternalId":""},{"Description":"Ballot 9 - Type 9","Id":9,"ExternalId":""},{"Description":"Ballot 10 - Type 10","Id":10,"ExternalId":""},{"Description":"Ballot 11 - Type 11","Id":11,"ExternalId":""},{"Description":"Ballot 12 - Type 12","Id":12,"ExternalId":""},{"Description":"Ballot 13 - Type 13","Id":13,"ExternalId":""},{"Description":"Ballot 14 - Type 14","Id":14,"ExternalId":""},{"Description":"Ballot 15 - Type 15","Id":15,"ExternalId":""},{"Description":"Ballot 16 - Type 16","Id":16,"ExternalId":""}]}