{"Version":"5.5.12.1","List":[{"BallotTypeId":1,"ContestId":1},{"BallotTypeId":1,"ContestId":2},{"BallotTypeId":1,"ContestId":3},{"BallotTypeId":1,"ContestId":4},{"BallotTypeId":1,"ContestId":5},{"BallotTypeId":1,"ContestId":6},{"BallotTypeId":1,"ContestId":8},{"BallotTypeId":1,"ContestId":9},{"BallotTypeId":1,"ContestId":12},{"BallotTypeId":1,"ContestId":13},{"BallotTypeId":1,"ContestId":14},{"BallotTypeId":1,"ContestId":15},{"BallotTypeId":1,"ContestId":16},{"BallotTypeId":1,"ContestId":17},{"BallotTypeId":1,"ContestId":18},{"BallotTypeId":1,"ContestId":19},{"BallotTypeId":1,"ContestId":21},{"BallotTypeId":1,"ContestId":24},{"BallotTypeId":1,"ContestId":25},{"BallotTypeId":1,"ContestId":26},{"BallotTypeId":1,"ContestId":27},{"BallotTypeId":2,"ContestId":1},{"BallotTypeId":2,"ContestId":2},{"BallotTypeId":2,"ContestId":3},{"BallotTypeId":2,"ContestId":6},{"BallotTypeId":3,"ContestId":1},{"BallotTypeId":3,"ContestId":2},{"BallotTypeId":3,"ContestId":3},{"BallotTypeId":3,"ContestId":4},{"BallotTypeId":3,"ContestId":5},{"BallotTypeId":3,"ContestId":6},{"BallotTypeId":3,"ContestId":7},{"BallotTypeId":3,"ContestId":9},{"BallotTypeId":3,"ContestId":12},{"BallotTypeId":3,"ContestId":13},{"BallotTypeId":3,"ContestId":14},{"BallotTypeId":3,"ContestId":15},{"BallotTypeId":3,"ContestId":16},{"BallotTypeId":3,"ContestId":17},{"BallotTypeId":3,"ContestId":18},{"BallotTypeId":3,"ContestId":19},{"BallotTypeId":3,"ContestId":21},{"BallotTypeId":3,"ContestId":22},{"BallotTypeId":3,"ContestId":24},{"BallotTypeId":3,"ContestId":25},{"BallotTypeId":3,"ContestId":26},{"BallotTypeId":3,"ContestId":27},{"BallotTypeId":4,"ContestId":1},{"BallotTypeId":4,"ContestId":2},{"BallotTypeId":4,"ContestId":3},{"BallotTypeId":4,"ContestId":4},{"BallotTypeId":4,"ContestId":5},{"BallotTypeId":4,"ContestId":6},{"BallotTypeId":4,"ContestId":7},{"BallotTypeId":4,"ContestId":9},{"BallotTypeId":4,"ContestId":12},{"BallotTypeId":4,"ContestId":13},{"BallotTypeId":4,"ContestId":14},{"BallotTypeId":4,"ContestId":15},{"BallotTypeId":4,"ContestId":16},{"BallotTypeId":4,"ContestId":17},{"BallotTypeId":4,"ContestId":18},{"BallotTypeId":4,"ContestId":19},{"BallotTypeId":4,"ContestId":21},{"BallotTypeId":4,"ContestId":24},{"BallotTypeId":4,"ContestId":25},{"BallotTypeId":4,"ContestId":26},{"BallotTypeId":4,"ContestId":27},{"BallotTypeId":5,"ContestId":1},{"BallotTypeId":5,"ContestId":2},{"BallotTypeId":5,"ContestId":3},{"BallotTypeId":5,"ContestId":4},{"BallotTypeId":5,"ContestId":5},{"BallotTypeId":5,"ContestId":6},{"BallotTypeId":5,"ContestId":7},{"BallotTypeId":5,"ContestId":10},{"BallotTypeId":5,"ContestId":12},{"BallotTypeId":5,"ContestId":13},{"BallotTypeId":5,"ContestId":14},{"BallotTypeId":5,"ContestId":15},{"BallotTypeId":5,"ContestId":16},{"BallotTypeId":5,"ContestId":17},{"BallotTypeId":5,"ContestId":18},{"BallotTypeId":5,"ContestId":19},{"BallotTypeId":5,"ContestId":24},{"BallotTypeId":5,"ContestId":25},{"BallotTypeId":5,"ContestId":26},{"BallotTypeId":5,"ContestId":27},{"BallotTypeId":6,"ContestId":1},{"BallotTypeId":6,"ContestId":2},{"BallotTypeId":6,"ContestId":3},{"BallotTypeId":6,"ContestId":4},{"BallotTypeId":6,"ContestId":5},{"BallotTypeId":6,"ContestId":6},{"BallotTypeId":6,"ContestId":7},{"BallotTypeId":6,"ContestId":10},{"BallotTypeId":6,"ContestId":12},{"BallotTypeId":6,"ContestId":13},{"BallotTypeId":6,"ContestId":14},{"BallotTypeId":6,"ContestId":15},{"BallotTypeId":6,"ContestId":16},{"BallotTypeId":6,"ContestId":17},{"BallotTypeId":6,"ContestId":18},{"BallotTypeId":6,"ContestId":19},{"BallotTypeId":6,"ContestId":24},{"BallotTypeId":6,"ContestId":25},{"BallotTypeId":6,"ContestId":26},{"BallotTypeId":6,"ContestId":27},{"BallotTypeId":6,"ContestId":28},{"BallotTypeId":7,"ContestId":1},{"BallotTypeId":7,"ContestId":2},{"BallotTypeId":7,"ContestId":3},{"BallotTypeId":7,"ContestId":4},{"BallotTypeId":7,"ContestId":5},{"BallotTypeId":7,"ContestId":6},{"BallotTypeId":7,"ContestId":7},{"BallotTypeId":7,"ContestId":9},{"BallotTypeId":7,"ContestId":12},{"BallotTypeId":7,"ContestId":13},{"BallotTypeId":7,"ContestId":14},{"BallotTypeId":7,"ContestId":15},{"BallotTypeId":7,"ContestId":16},{"BallotTypeId":7,"ContestId":17},{"BallotTypeId":7,"ContestId":18},{"BallotTypeId":7,"ContestId":19},{"BallotTypeId":7,"ContestId":24},{"BallotTypeId":7,"ContestId":25},{"BallotTypeId":7,"ContestId":26},{"BallotTypeId":7,"ContestId":27},{"BallotTypeId":7,"ContestId":28},{"BallotTypeId":8,"ContestId":1},{"BallotTypeId":8,"ContestId":2},{"BallotTypeId":8,"ContestId":3},{"BallotTypeId":8,"ContestId":4},{"BallotTypeId":8,"ContestId":5},{"BallotTypeId":8,"ContestId":6},{"BallotTypeId":8,"ContestId":8},{"BallotTypeId":8,"ContestId":10},{"BallotTypeId":8,"ContestId":12},{"BallotTypeId":8,"ContestId":13},{"BallotTypeId":8,"ContestId":14},{"BallotTypeId":8,"ContestId":15},{"BallotTypeId":8,"ContestId":16},{"BallotTypeId":8,"ContestId":17},{"BallotTypeId":8,"ContestId":18},{"BallotTypeId":8,"ContestId":19},{"BallotTypeId":8,"ContestId":24},{"BallotTypeId":8,"ContestId":25},{"BallotTypeId":8,"ContestId":26},{"BallotTypeId":8,"ContestId":27},{"BallotTypeId":8,"ContestId":28},{"BallotTypeId":9,"ContestId":1},{"BallotTypeId":9,"ContestId":2},{"BallotTypeId":9,"ContestId":3},{"BallotTypeId":9,"ContestId":4},{"BallotTypeId":9,"ContestId":5},{"BallotTypeId":9,"ContestId":6},{"BallotTypeId":9,"ContestId":7},{"BallotTypeId":9,"ContestId":9},{"BallotTypeId":9,"ContestId":12},{"BallotTypeId":9,"ContestId":13},{"BallotTypeId":9,"ContestId":14},{"BallotTypeId":9,"ContestId":15},{"BallotTypeId":9,"ContestId":16},{"BallotTypeId":9,"ContestId":17},{"BallotTypeId":9,"ContestId":18},{"BallotTypeId":9,"ContestId":19},{"BallotTypeId":9,"ContestId":24},{"BallotTypeId":9,"ContestId":25},{"BallotTypeId":9,"ContestId":26},{"BallotTypeId":9,"ContestId":27},{"BallotTypeId":10,"ContestId":1},{"BallotTypeId":10,"ContestId":2},{"BallotTypeId":10,"ContestId":3},{"BallotTypeId":10,"ContestId":4},{"BallotTypeId":10,"ContestId":5},{"BallotTypeId":10,"ContestId":6},{"BallotTypeId":10,"ContestId":8},{"BallotTypeId":10,"ContestId":10},{"BallotTypeId":10,"ContestId":12},{"BallotTypeId":10,"ContestId":13},{"BallotTypeId":10,"ContestId":14},{"BallotTypeId":10,"ContestId":15},{"BallotTypeId":10,"ContestId":16},{"BallotTypeId":10,"ContestId":17},{"BallotTypeId":10,"ContestId":18},{"BallotTypeId":10,"ContestId":19},{"BallotTypeId":10,"ContestId":24},{"BallotTypeId":10,"ContestId":25},{"BallotTypeId":10,"ContestId":26},{"BallotTypeId":10,"ContestId":27},{"BallotTypeId":11,"ContestId":1},{"BallotTypeId":11,"ContestId":2},{"BallotTypeId":11,"ContestId":3},{"BallotTypeId":11,"ContestId":4},{"BallotTypeId":11,"ContestId":5},{"BallotTypeId":11,"ContestId":6},{"BallotTypeId":11,"ContestId":8},{"BallotTypeId":11,"ContestId":10},{"BallotTypeId":11,"ContestId":12},{"BallotTypeId":11,"ContestId":13},{"BallotTypeId":11,"ContestId":14},{"BallotTypeId":11,"ContestId":15},{"BallotTypeId":11,"ContestId":16},{"BallotTypeId":11,"ContestId":17},{"BallotTypeId":11,"ContestId":18},{"BallotTypeId":11,"ContestId":19},{"BallotTypeId":11,"ContestId":20},{"BallotTypeId":11,"ContestId":23},{"BallotTypeId":11,"ContestId":24},{"BallotTypeId":11,"ContestId":25},{"BallotTypeId":11,"ContestId":26},{"BallotTypeId":11,"ContestId":27},{"BallotTypeId":12,"ContestId":1},{"BallotTypeId":12,"ContestId":2},{"BallotTypeId":12,"ContestId":3},{"BallotTypeId":12,"ContestId":4},{"BallotTypeId":12,"ContestId":5},{"BallotTypeId":12,"ContestId":6},{"BallotTypeId":12,"ContestId":8},{"BallotTypeId":12,"ContestId":10},{"BallotTypeId":12,"ContestId":12},{"BallotTypeId":12,"ContestId":13},{"BallotTypeId":12,"ContestId":14},{"BallotTypeId":12,"ContestId":15},{"BallotTypeId":12,"ContestId":16},{"BallotTypeId":12,"ContestId":17},{"BallotTypeId":12,"ContestId":18},{"BallotTypeId":12,"ContestId":19},{"BallotTypeId":12,"ContestId":20},{"BallotTypeId":12,"ContestId":24},{"BallotTypeId":12,"ContestId":25},{"BallotTypeId":12,"ContestId":26},{"BallotTypeId":12,"ContestId":27},{"BallotTypeId":13,"ContestId":1},{"BallotTypeId":13,"ContestId":2},{"BallotTypeId":13,"ContestId":3},{"BallotTypeId":13,"ContestId":4},{"BallotTypeId":13,"ContestId":5},{"BallotTypeId":13,"ContestId":6},{"BallotTypeId":13,"ContestId":8},{"BallotTypeId":13,"ContestId":11},{"BallotTypeId":13,"ContestId":12},{"BallotTypeId":13,"ContestId":13},{"BallotTypeId":13,"ContestId":14},{"BallotTypeId":13,"ContestId":15},{"BallotTypeId":13,"ContestId":16},{"BallotTypeId":13,"ContestId":17},{"BallotTypeId":13,"ContestId":18},{"BallotTypeId":13,"ContestId":19},{"BallotTypeId":13,"ContestId":20},{"BallotTypeId":13,"ContestId":24},{"BallotTypeId":13,"ContestId":25},{"BallotTypeId":13,"ContestId":26},{"BallotTypeId":13,"ContestId":27},{"BallotTypeId":14,"ContestId":1},{"BallotTypeId":14,"ContestId":2},{"BallotTypeId":14,"ContestId":3},{"BallotTypeId":14,"ContestId":4},{"BallotTypeId":14,"ContestId":5},{"BallotTypeId":14,"ContestId":6},{"BallotTypeId":14,"ContestId":8},{"BallotTypeId":14,"ContestId":11},{"BallotTypeId":14,"ContestId":12},{"BallotTypeId":14,"ContestId":13},{"BallotTypeId":14,"ContestId":14},{"BallotTypeId":14,"ContestId":15},{"BallotTypeId":14,"ContestId":16},{"BallotTypeId":14,"ContestId":17},{"BallotTypeId":14,"ContestId":18},{"BallotTypeId":14,"ContestId":19},{"BallotTypeId":14,"ContestId":20},{"BallotTypeId":14,"ContestId":23},{"BallotTypeId":14,"ContestId":24},{"BallotTypeId":14,"ContestId":25},{"BallotTypeId":14,"ContestId":26},{"BallotTypeId":14,"ContestId":27},{"BallotTypeId":15,"ContestId":1},{"BallotTypeId":15,"ContestId":2},{"BallotTypeId":15,"ContestId":3},{"BallotTypeId":15,"ContestId":4},{"BallotTypeId":15,"ContestId":5},{"BallotTypeId":15,"ContestId":6},{"BallotTypeId":15,"ContestId":8},{"BallotTypeId":15,"ContestId":11},{"BallotTypeId":15,"ContestId":12},{"BallotTypeId":15,"ContestId":13},{"BallotTypeId":15,"ContestId":14},{"BallotTypeId":15,"ContestId":15},{"BallotTypeId":15,"ContestId":16},{"BallotTypeId":15,"ContestId":17},{"BallotTypeId":15,"ContestId":18},{"BallotTypeId":15,"ContestId":19},{"BallotTypeId":15,"ContestId":24},{"BallotTypeId":15,"ContestId":25},{"BallotTypeId":15,"ContestId":26},{"BallotTypeId":15,"ContestId":27},{"BallotTypeId":16,"ContestId":1},{"BallotTypeId":16,"ContestId":2},{"BallotTypeId":16,"ContestId":3},{"BallotTypeId":16,"ContestId":4},{"BallotTypeId":16,"ContestId":5},{"BallotTypeId":16,"ContestId":6},{"BallotTypeId":16,"ContestId":7},{"BallotTypeId":16,"ContestId":10},{"BallotTypeId":16,"ContestId":12},{"BallotTypeId":16,"ContestId":13},{"BallotTypeId":16,"ContestId":14},{"BallotTypeId":16,"ContestId":15},{"BallotTypeId":16,"ContestId":16},{"BallotTypeId":16,"ContestId":17},{"BallotTypeId":16,"ContestId":18},{"BallotTypeId":16,"ContestId":19},{"BallotTypeId":16,"ContestId":20},{"BallotTypeId":16,"ContestId":24},{"BallotTypeId":16,"ContestId":25},{"BallotTypeId":16,"ContestId":26},{"BallotTypeId":16,"ContestId":27}]}