{"Version":"5.5.12.1","List":[{"Description":"President of the United States","Id":1,"ExternalId":"5000","DistrictId":2,"VoteFor":1,"NumOfRanks":0},{"Description":"US Senate (Perdue)","Id":2,"ExternalId":"10000","DistrictId":2,"VoteFor":1,"NumOfRanks":0},{"Description":"US Senate (Loeffler) - Special","Id":3,"ExternalId":"10100","DistrictId":2,"VoteFor":1,"NumOfRanks":0},{"Description":"Public Service Commission District 1","Id":4,"ExternalId":"28500","DistrictId":4,"VoteFor":1,"NumOfRanks":0},{"Description":"Public Service Commission District 4","Id":5,"ExternalId":"28400","DistrictId":4,"VoteFor":1,"NumOfRanks":0},{"Description":"US House District 11","Id":6,"ExternalId":"31100","DistrictId":3,"VoteFor":1,"NumOfRanks":0},{"Description":"State Senate District 14","Id":7,"ExternalId":"41400","DistrictId":5,"VoteFor":1,"NumOfRanks":0},{"Description":"State Senate District 52","Id":8,"ExternalId":"45200","DistrictId":6,"VoteFor":1,"NumOfRanks":0},{"Description":"State House District 14","Id":9,"ExternalId":"51400","DistrictId":7,"VoteFor":1,"NumOfRanks":0},{"Description":"State House District 15","Id":10,"ExternalId":"51500","DistrictId":8,"VoteFor":1,"NumOfRanks":0},{"Description":"State House District 16","Id":11,"ExternalId":"51600","DistrictId":9,"VoteFor":1,"NumOfRanks":0},{"Description":"District Attorney - Cherokee","Id":12,"ExternalId":"89000","DistrictId":10,"VoteFor":1,"NumOfRanks":0},{"Description":"Clerk of Superior Court","Id":13,"ExternalId":"","DistrictId":11,"VoteFor":1,"NumOfRanks":0},{"Description":"Sheriff","Id":14,"ExternalId":"","DistrictId":11,"VoteFor":1,"NumOfRanks":0},{"Description":"Tax Commissioner","Id":15,"ExternalId":"","DistrictId":11,"VoteFor":1,"NumOfRanks":0},{"Description":"Surveyor","Id":16,"ExternalId":"","DistrictId":11,"VoteFor":1,"NumOfRanks":0},{"Description":"Coroner","Id":17,"ExternalId":"","DistrictId":11,"VoteFor":1,"NumOfRanks":0},{"Description":"Chief Magistrate","Id":18,"ExternalId":"","DistrictId":11,"VoteFor":1,"NumOfRanks":0},{"Description":"Sole County Commissioner","Id":19,"ExternalId":"","DistrictId":11,"VoteFor":1,"NumOfRanks":0},{"Description":"Board of Education District 4","Id":20,"ExternalId":"","DistrictId":16,"VoteFor":1,"NumOfRanks":0},{"Description":"Board of Education District 5","Id":21,"ExternalId":"","DistrictId":17,"VoteFor":1,"NumOfRanks":0},{"Description":"Adairsville City Council Post 4 - Special","Id":22,"ExternalId":"","DistrictId":18,"VoteFor":1,"NumOfRanks":0},{"Description":"Euharlee City Council At Large - Special","Id":23,"ExternalId":"","DistrictId":21,"VoteFor":1,"NumOfRanks":0},{"Description":"Constitutional Amendment #1","Id":24,"ExternalId":"800100","DistrictId":4,"VoteFor":1,"NumOfRanks":0},{"Description":"Constitutional Amendment #2","Id":25,"ExternalId":"800200","DistrictId":4,"VoteFor":1,"NumOfRanks":0},{"Description":"Statewide Referendum A","Id":26,"ExternalId":"800300","DistrictId":4,"VoteFor":1,"NumOfRanks":0},{"Description":"Bartow County Homestead Exemption - Special","Id":27,"ExternalId":"","DistrictId":11,"VoteFor":1,"NumOfRanks":0},{"Description":"Cartersville School Tax Exemption - Special","Id":28,"ExternalId":"","DistrictId":19,"VoteFor":1,"NumOfRanks":0}]}