{"Version":"5.5.12.1","List":[{"Description":"County","Id":31,"DistrictTypeId":"a5bdd5c3-d047-4367-9c40-1cd482bb216c","ExternalId":""},{"Description":"Federal County Wide","Id":2,"DistrictTypeId":"e99d9810-9eb0-458c-b9f1-c410b63b56e4","ExternalId":""},{"Description":"Cong 11","Id":3,"DistrictTypeId":"ebc27d75-2fc0-4995-b94b-a9ac3efe1c4d","ExternalId":""},{"Description":"State Wide","Id":4,"DistrictTypeId":"73335582-ae7a-4740-89e5-40458e24a088","ExternalId":""},{"Description":"State Senate 14","Id":5,"DistrictTypeId":"8e76c3db-1cbb-4b78-b517-e48e88dd5316","ExternalId":""},{"Description":"State Senate 52","Id":6,"DistrictTypeId":"8e76c3db-1cbb-4b78-b517-e48e88dd5316","ExternalId":""},{"Description":"State Rep 14","Id":7,"DistrictTypeId":"105d1b5e-5d75-4c5e-b57f-2d08268a8c92","ExternalId":""},{"Description":"State Rep 15","Id":8,"DistrictTypeId":"105d1b5e-5d75-4c5e-b57f-2d08268a8c92","ExternalId":""},{"Description":"State Rep 16","Id":9,"DistrictTypeId":"105d1b5e-5d75-4c5e-b57f-2d08268a8c92","ExternalId":""},{"Description":"Cherokee","Id":10,"DistrictTypeId":"28f14614-dbcc-42d1-a613-b661a9adccaf","ExternalId":""},{"Description":"Bartow","Id":11,"DistrictTypeId":"2dbd29d7-a08d-40e8-9b9d-6f6218eecc18","ExternalId":""},{"Description":"County Comm At Large","Id":12,"DistrictTypeId":"c8d13055-f6b9-4377-9286-0b4026f543f9","ExternalId":""},{"Description":"School Brd 1","Id":13,"DistrictTypeId":"0f0b8f32-5a08-4aa0-975c-598d9d845d92","ExternalId":""},{"Description":"School Brd 2","Id":14,"DistrictTypeId":"0f0b8f32-5a08-4aa0-975c-598d9d845d92","ExternalId":""},{"Description":"School Brd 3","Id":15,"DistrictTypeId":"0f0b8f32-5a08-4aa0-975c-598d9d845d92","ExternalId":""},{"Description":"School Brd 4","Id":16,"DistrictTypeId":"0f0b8f32-5a08-4aa0-975c-598d9d845d92","ExternalId":""},{"Description":"School Brd 5","Id":17,"DistrictTypeId":"0f0b8f32-5a08-4aa0-975c-598d9d845d92","ExternalId":""},{"Description":"003 Adairsville LRG","Id":18,"DistrictTypeId":"527ed154-7881-47dc-a5f2-5b8d97fab42d","ExternalId":""},{"Description":"110 Cartersville","Id":19,"DistrictTypeId":"527ed154-7881-47dc-a5f2-5b8d97fab42d","ExternalId":""},{"Description":"220 Emerson LRG","Id":20,"DistrictTypeId":"527ed154-7881-47dc-a5f2-5b8d97fab42d","ExternalId":""},{"Description":"224 Euharlee LRG","Id":21,"DistrictTypeId":"527ed154-7881-47dc-a5f2-5b8d97fab42d","ExternalId":""},{"Description":"330 Kingston LRG","Id":22,"DistrictTypeId":"527ed154-7881-47dc-a5f2-5b8d97fab42d","ExternalId":""},{"Description":"593 Taylorsville LRG","Id":23,"DistrictTypeId":"527ed154-7881-47dc-a5f2-5b8d97fab42d","ExternalId":""},{"Description":"649 White LRG","Id":24,"DistrictTypeId":"527ed154-7881-47dc-a5f2-5b8d97fab42d","ExternalId":""},{"Description":"Cartersville Ward 1","Id":25,"DistrictTypeId":"ac28cc73-8f51-4181-a072-ce13719c0aad","ExternalId":""},{"Description":"Cartersville Ward 2","Id":26,"DistrictTypeId":"ac28cc73-8f51-4181-a072-ce13719c0aad","ExternalId":""},{"Description":"Cartersville Ward 3","Id":27,"DistrictTypeId":"ac28cc73-8f51-4181-a072-ce13719c0aad","ExternalId":""},{"Description":"Cartersville Ward 4","Id":28,"DistrictTypeId":"ac28cc73-8f51-4181-a072-ce13719c0aad","ExternalId":""},{"Description":"Cartersville Ward 5","Id":29,"DistrictTypeId":"ac28cc73-8f51-4181-a072-ce13719c0aad","ExternalId":""},{"Description":"Cartersville Ward 6","Id":30,"DistrictTypeId":"ac28cc73-8f51-4181-a072-ce13719c0aad","ExternalId":""}]}