{"Version":"5.5.12.1","List":[{"Description":"Adairsville","Id":1,"ExternalId":"01"},{"Description":"Allatoona","Id":8,"ExternalId":"02"},{"Description":"Cartersville East","Id":11,"ExternalId":"03"},{"Description":"Cartersville West","Id":22,"ExternalId":"04"},{"Description":"Cassville","Id":33,"ExternalId":"05"},{"Description":"Center","Id":36,"ExternalId":"06"},{"Description":"Emerson","Id":43,"ExternalId":"07"},{"Description":"Euharlee","Id":50,"ExternalId":"08"},{"Description":"Folsom","Id":59,"ExternalId":"09"},{"Description":"Hamilton Crossing","Id":96,"ExternalId":"19"},{"Description":"Kingston","Id":62,"ExternalId":"10"},{"Description":"Mission Road","Id":67,"ExternalId":"11"},{"Description":"Pine Log","Id":70,"ExternalId":"12"},{"Description":"Taylorsville","Id":73,"ExternalId":"14"},{"Description":"White","Id":80,"ExternalId":"15"},{"Description":"Zena Drive","Id":85,"ExternalId":"16"},{"Description":"Woodland","Id":94,"ExternalId":"18"}]}