{"Version":"5.5.12.1","List":[{"Description":"100-ADV","Id":2,"ExternalId":"","PrecinctId":1},{"Description":"202-ADV","Id":3,"ExternalId":"","PrecinctId":1},{"Description":"203-ADV","Id":4,"ExternalId":"","PrecinctId":1},{"Description":"109-ALLA","Id":9,"ExternalId":"","PrecinctId":8},{"Description":"119-CVET","Id":12,"ExternalId":"","PrecinctId":11},{"Description":"121-CVET","Id":13,"ExternalId":"","PrecinctId":11},{"Description":"123-CVET","Id":14,"ExternalId":"","PrecinctId":11},{"Description":"209-CVET","Id":15,"ExternalId":"","PrecinctId":11},{"Description":"210-CVET","Id":16,"ExternalId":"","PrecinctId":11},{"Description":"125-CVWT","Id":23,"ExternalId":"","PrecinctId":22},{"Description":"127-CVWT","Id":24,"ExternalId":"","PrecinctId":22},{"Description":"129-CVWT","Id":25,"ExternalId":"","PrecinctId":22},{"Description":"211-CVWT","Id":26,"ExternalId":"","PrecinctId":22},{"Description":"212-CVWT","Id":27,"ExternalId":"","PrecinctId":22},{"Description":"107-CASS","Id":34,"ExternalId":"","PrecinctId":33},{"Description":"109-CENT","Id":37,"ExternalId":"","PrecinctId":36},{"Description":"142-CENT","Id":38,"ExternalId":"","PrecinctId":36},{"Description":"204-CENT","Id":39,"ExternalId":"","PrecinctId":36},{"Description":"109-EMER","Id":44,"ExternalId":"","PrecinctId":43},{"Description":"115-EMER","Id":45,"ExternalId":"","PrecinctId":43},{"Description":"207-EMER","Id":46,"ExternalId":"","PrecinctId":43},{"Description":"114-EUHA","Id":51,"ExternalId":"","PrecinctId":50},{"Description":"141-EUHA","Id":52,"ExternalId":"","PrecinctId":50},{"Description":"205-EUHA","Id":53,"ExternalId":"","PrecinctId":50},{"Description":"206-EUHA","Id":54,"ExternalId":"","PrecinctId":50},{"Description":"203-FOLS","Id":60,"ExternalId":"","PrecinctId":59},{"Description":"107-HAMI","Id":97,"ExternalId":"","PrecinctId":96},{"Description":"100-KING","Id":63,"ExternalId":"","PrecinctId":62},{"Description":"118-KING","Id":64,"ExternalId":"","PrecinctId":62},{"Description":"141-MISS","Id":68,"ExternalId":"","PrecinctId":67},{"Description":"142-PINE","Id":71,"ExternalId":"","PrecinctId":70},{"Description":"117-TAYL","Id":74,"ExternalId":"","PrecinctId":73},{"Description":"137-TAYL","Id":75,"ExternalId":"","PrecinctId":73},{"Description":"205-TAYL","Id":76,"ExternalId":"","PrecinctId":73},{"Description":"135-WHIT","Id":81,"ExternalId":"","PrecinctId":80},{"Description":"142-WHIT","Id":82,"ExternalId":"","PrecinctId":80},{"Description":"109-ZENA","Id":86,"ExternalId":"","PrecinctId":85},{"Description":"204-ZENA","Id":88,"ExternalId":"","PrecinctId":85},{"Description":"208-ZENA","Id":89,"ExternalId":"","PrecinctId":85},{"Description":"207-WOOD","Id":95,"ExternalId":"","PrecinctId":94}]}