{"Version":"5.5.12.1","List":[{"Description":"Donald J. Trump (I) (Rep)","Id":1,"ExternalId":"","ContestId":1,"Type":"Regular"},{"Description":"Joseph R. Biden (Dem)","Id":2,"ExternalId":"","ContestId":1,"Type":"Regular"},{"Description":"Jo Jorgensen (Lib)","Id":3,"ExternalId":"","ContestId":1,"Type":"Regular"},{"Description":"Write-in","Id":72,"ExternalId":"","ContestId":1,"Type":"WriteIn"},{"Description":"Loren Collins","Id":95,"ExternalId":"","ContestId":1,"Type":"QualifiedWriteIn"},{"Description":"Gloria La Riva","Id":96,"ExternalId":"","ContestId":1,"Type":"QualifiedWriteIn"},{"Description":"David A. Perdue (I) (Rep)","Id":4,"ExternalId":"","ContestId":2,"Type":"Regular"},{"Description":"Jon Ossoff (Dem)","Id":5,"ExternalId":"","ContestId":2,"Type":"Regular"},{"Description":"Shane Hazel (Lib)","Id":6,"ExternalId":"","ContestId":2,"Type":"Regular"},{"Description":"Write-in","Id":83,"ExternalId":"","ContestId":2,"Type":"WriteIn"},{"Description":"Al Bartell (Ind)","Id":7,"ExternalId":"","ContestId":3,"Type":"Regular"},{"Description":"Allen Buckley (Ind)","Id":8,"ExternalId":"","ContestId":3,"Type":"Regular"},{"Description":"Doug Collins (Rep)","Id":9,"ExternalId":"","ContestId":3,"Type":"Regular"},{"Description":"John Fortuin (Grn)","Id":10,"ExternalId":"","ContestId":3,"Type":"Regular"},{"Description":"Derrick E. Grayson (Rep)","Id":11,"ExternalId":"","ContestId":3,"Type":"Regular"},{"Description":"Michael Todd Greene (Ind)","Id":12,"ExternalId":"","ContestId":3,"Type":"Regular"},{"Description":"Annette Davis Jackson (Rep)","Id":13,"ExternalId":"","ContestId":3,"Type":"Regular"},{"Description":"Deborah Jackson (Dem)","Id":14,"ExternalId":"","ContestId":3,"Type":"Regular"},{"Description":"Jamesia James (Dem)","Id":15,"ExternalId":"","ContestId":3,"Type":"Regular"},{"Description":"A. Wayne Johnson (Rep)","Id":16,"ExternalId":"","ContestId":3,"Type":"Regular"},{"Description":"Tamara Johnson-Shealey (Dem)","Id":17,"ExternalId":"","ContestId":3,"Type":"Regular"},{"Description":"Matt Lieberman (Dem)","Id":18,"ExternalId":"","ContestId":3,"Type":"Regular"},{"Description":"Kelly Loeffler (I) (Rep)","Id":19,"ExternalId":"","ContestId":3,"Type":"Regular"},{"Description":"Joy Felicia Slade (Dem)","Id":20,"ExternalId":"","ContestId":3,"Type":"Regular"},{"Description":"Brian Slowinski (Lib)","Id":21,"ExternalId":"","ContestId":3,"Type":"Regular"},{"Description":"Valencia Stovall (Ind)","Id":22,"ExternalId":"","ContestId":3,"Type":"Regular"},{"Description":"Ed Tarver (Dem)","Id":23,"ExternalId":"","ContestId":3,"Type":"Regular"},{"Description":"Kandiss Taylor (Rep)","Id":24,"ExternalId":"","ContestId":3,"Type":"Regular"},{"Description":"Raphael Warnock (Dem)","Id":25,"ExternalId":"","ContestId":3,"Type":"Regular"},{"Description":"Richard Dien Winfield (Dem)","Id":26,"ExternalId":"","ContestId":3,"Type":"Regular"},{"Description":"Write-in","Id":87,"ExternalId":"","ContestId":3,"Type":"WriteIn"},{"Description":"Rod Mack","Id":97,"ExternalId":"","ContestId":3,"Type":"QualifiedWriteIn"},{"Description":"Jason Shaw (I) (Rep)","Id":27,"ExternalId":"","ContestId":4,"Type":"Regular"},{"Description":"Robert G. Bryant (Dem)","Id":28,"ExternalId":"","ContestId":4,"Type":"Regular"},{"Description":"Elizabeth Melton (Lib)","Id":29,"ExternalId":"","ContestId":4,"Type":"Regular"},{"Description":"Write-in","Id":89,"ExternalId":"","ContestId":4,"Type":"WriteIn"},{"Description":"Lauren Bubba McDonald, Jr. (I) (Rep)","Id":30,"ExternalId":"","ContestId":5,"Type":"Regular"},{"Description":"Daniel Blackman (Dem)","Id":31,"ExternalId":"","ContestId":5,"Type":"Regular"},{"Description":"Nathan Wilson (Lib)","Id":32,"ExternalId":"","ContestId":5,"Type":"Regular"},{"Description":"Write-in","Id":78,"ExternalId":"","ContestId":5,"Type":"WriteIn"},{"Description":"Barry Loudermilk (I) (Rep)","Id":33,"ExternalId":"","ContestId":6,"Type":"Regular"},{"Description":"Dana Barrett (Dem)","Id":34,"ExternalId":"","ContestId":6,"Type":"Regular"},{"Description":"Write-in","Id":93,"ExternalId":"","ContestId":6,"Type":"WriteIn"},{"Description":"Bruce Thompson (I) (Rep)","Id":35,"ExternalId":"","ContestId":7,"Type":"Regular"},{"Description":"Travis Johnson (Dem)","Id":36,"ExternalId":"","ContestId":7,"Type":"Regular"},{"Description":"Write-in","Id":76,"ExternalId":"","ContestId":7,"Type":"WriteIn"},{"Description":"Chuck Hufstetler (I) (Rep)","Id":37,"ExternalId":"","ContestId":8,"Type":"Regular"},{"Description":"Charles DeYoung (Dem)","Id":38,"ExternalId":"","ContestId":8,"Type":"Regular"},{"Description":"Write-in","Id":88,"ExternalId":"","ContestId":8,"Type":"WriteIn"},{"Description":"Mitchell Scoggins (I) (Rep)","Id":39,"ExternalId":"","ContestId":9,"Type":"Regular"},{"Description":"Write-in","Id":77,"ExternalId":"","ContestId":9,"Type":"WriteIn"},{"Description":"Matthew Gambill (I) (Rep)","Id":40,"ExternalId":"","ContestId":10,"Type":"Regular"},{"Description":"Write-in","Id":85,"ExternalId":"","ContestId":10,"Type":"WriteIn"},{"Description":"Trey Kelley (I) (Rep)","Id":41,"ExternalId":"","ContestId":11,"Type":"Regular"},{"Description":"Lyndsay Arrendale (Dem)","Id":42,"ExternalId":"","ContestId":11,"Type":"Regular"},{"Description":"Write-in","Id":81,"ExternalId":"","ContestId":11,"Type":"WriteIn"},{"Description":"Rosemary M. Greene (I) (Rep)","Id":43,"ExternalId":"","ContestId":12,"Type":"Regular"},{"Description":"Write-in","Id":91,"ExternalId":"","ContestId":12,"Type":"WriteIn"},{"Description":"Melba Scoggins (I) (Rep)","Id":44,"ExternalId":"","ContestId":13,"Type":"Regular"},{"Description":"Write-in","Id":92,"ExternalId":"","ContestId":13,"Type":"WriteIn"},{"Description":"Clark Millsap (I) (Rep)","Id":45,"ExternalId":"","ContestId":14,"Type":"Regular"},{"Description":"Write-in","Id":73,"ExternalId":"","ContestId":14,"Type":"WriteIn"},{"Description":"Steve Stewart (I) (Rep)","Id":46,"ExternalId":"","ContestId":15,"Type":"Regular"},{"Description":"Write-in","Id":90,"ExternalId":"","ContestId":15,"Type":"WriteIn"},{"Description":"Clark Tompkins (I) (Rep)","Id":47,"ExternalId":"","ContestId":16,"Type":"Regular"},{"Description":"Write-in","Id":94,"ExternalId":"","ContestId":16,"Type":"WriteIn"},{"Description":"Joel T. Guyton (I) (Rep)","Id":48,"ExternalId":"","ContestId":17,"Type":"Regular"},{"Description":"Write-in","Id":82,"ExternalId":"","ContestId":17,"Type":"WriteIn"},{"Description":"Brandon Bryson (I) (Rep)","Id":49,"ExternalId":"","ContestId":18,"Type":"Regular"},{"Description":"Write-in","Id":74,"ExternalId":"","ContestId":18,"Type":"WriteIn"},{"Description":"Steve A. Taylor (I) (Rep)","Id":50,"ExternalId":"","ContestId":19,"Type":"Regular"},{"Description":"Write-in","Id":86,"ExternalId":"","ContestId":19,"Type":"WriteIn"},{"Description":"Butch Emerson (Rep)","Id":51,"ExternalId":"","ContestId":20,"Type":"Regular"},{"Description":"Dexter Jones (Dem)","Id":52,"ExternalId":"","ContestId":20,"Type":"Regular"},{"Description":"Write-in","Id":80,"ExternalId":"","ContestId":20,"Type":"WriteIn"},{"Description":"Anna V. Sullivan (I) (Rep)","Id":53,"ExternalId":"","ContestId":21,"Type":"Regular"},{"Description":"Write-in","Id":75,"ExternalId":"","ContestId":21,"Type":"WriteIn"},{"Description":"Taylor Forsyth","Id":54,"ExternalId":"","ContestId":22,"Type":"Regular"},{"Description":"Ahmad Hall","Id":55,"ExternalId":"","ContestId":22,"Type":"Regular"},{"Description":"John F. Harper","Id":56,"ExternalId":"","ContestId":22,"Type":"Regular"},{"Description":"Brandey Jenkins","Id":57,"ExternalId":"","ContestId":22,"Type":"Regular"},{"Description":"Sonya Nice","Id":58,"ExternalId":"","ContestId":22,"Type":"Regular"},{"Description":"Susan Satterfield","Id":59,"ExternalId":"","ContestId":22,"Type":"Regular"},{"Description":"Write-in","Id":79,"ExternalId":"","ContestId":22,"Type":"WriteIn"},{"Description":"Greg Free","Id":60,"ExternalId":"","ContestId":23,"Type":"Regular"},{"Description":"Ron Scifers","Id":61,"ExternalId":"","ContestId":23,"Type":"Regular"},{"Description":"Write-in","Id":84,"ExternalId":"","ContestId":23,"Type":"WriteIn"},{"Description":"YES","Id":62,"ExternalId":"","ContestId":24,"Type":"Regular"},{"Description":"NO","Id":63,"ExternalId":"","ContestId":24,"Type":"Regular"},{"Description":"YES","Id":64,"ExternalId":"","ContestId":25,"Type":"Regular"},{"Description":"NO","Id":65,"ExternalId":"","ContestId":25,"Type":"Regular"},{"Description":"YES","Id":66,"ExternalId":"","ContestId":26,"Type":"Regular"},{"Description":"NO","Id":67,"ExternalId":"","ContestId":26,"Type":"Regular"},{"Description":"YES","Id":68,"ExternalId":"","ContestId":27,"Type":"Regular"},{"Description":"NO","Id":69,"ExternalId":"","ContestId":27,"Type":"Regular"},{"Description":"YES","Id":70,"ExternalId":"","ContestId":28,"Type":"Regular"},{"Description":"NO","Id":71,"ExternalId":"","ContestId":28,"Type":"Regular"}]}