{"Version":"5.5.12.1","List":[{"Description":"County","Id":"a5bdd5c3-d047-4367-9c40-1cd482bb216c","ExternalId":""},{"Description":"Federal County Wide","Id":"e99d9810-9eb0-458c-b9f1-c410b63b56e4","ExternalId":""},{"Description":"Congressional","Id":"ebc27d75-2fc0-4995-b94b-a9ac3efe1c4d","ExternalId":""},{"Description":"State Wide","Id":"73335582-ae7a-4740-89e5-40458e24a088","ExternalId":""},{"Description":"State Senate","Id":"8e76c3db-1cbb-4b78-b517-e48e88dd5316","ExternalId":""},{"Description":"State House","Id":"105d1b5e-5d75-4c5e-b57f-2d08268a8c92","ExternalId":""},{"Description":"Judicial","Id":"28f14614-dbcc-42d1-a613-b661a9adccaf","ExternalId":""},{"Description":"County Wide","Id":"2dbd29d7-a08d-40e8-9b9d-6f6218eecc18","ExternalId":""},{"Description":"County Commission","Id":"c8d13055-f6b9-4377-9286-0b4026f543f9","ExternalId":""},{"Description":"School","Id":"0f0b8f32-5a08-4aa0-975c-598d9d845d92","ExternalId":""},{"Description":"Municipal","Id":"527ed154-7881-47dc-a5f2-5b8d97fab42d","ExternalId":""},{"Description":"Ward","Id":"ac28cc73-8f51-4181-a072-ce13719c0aad","ExternalId":""},{"Description":"Municipal Board of Education","Id":"6cb18a62-a430-472c-87f2-f5f17b35dbf9","ExternalId":""},{"Description":"Water","Id":"558b7dba-5257-4daf-9f02-b78277d764ef","ExternalId":""},{"Description":"Super Commissioner","Id":"8d70b8c9-79b1-4a6d-b22f-9f8980039bc3","ExternalId":""},{"Description":"Super Board of Education","Id":"60050910-874d-4921-b994-e61b6ad60728","ExternalId":""},{"Description":"Fire","Id":"bc0b14a3-2a28-4724-91d6-f99fbb6a83d8","ExternalId":""}]}