{"Version":"5.5.12.1","List":[{"DistrictId":31,"PrecinctPortionId":2},{"DistrictId":31,"PrecinctPortionId":3},{"DistrictId":31,"PrecinctPortionId":4},{"DistrictId":31,"PrecinctPortionId":9},{"DistrictId":31,"PrecinctPortionId":12},{"DistrictId":31,"PrecinctPortionId":13},{"DistrictId":31,"PrecinctPortionId":14},{"DistrictId":31,"PrecinctPortionId":15},{"DistrictId":31,"PrecinctPortionId":16},{"DistrictId":31,"PrecinctPortionId":23},{"DistrictId":31,"PrecinctPortionId":24},{"DistrictId":31,"PrecinctPortionId":25},{"DistrictId":31,"PrecinctPortionId":26},{"DistrictId":31,"PrecinctPortionId":27},{"DistrictId":31,"PrecinctPortionId":34},{"DistrictId":31,"PrecinctPortionId":37},{"DistrictId":31,"PrecinctPortionId":38},{"DistrictId":31,"PrecinctPortionId":39},{"DistrictId":31,"PrecinctPortionId":44},{"DistrictId":31,"PrecinctPortionId":45},{"DistrictId":31,"PrecinctPortionId":46},{"DistrictId":31,"PrecinctPortionId":51},{"DistrictId":31,"PrecinctPortionId":52},{"DistrictId":31,"PrecinctPortionId":53},{"DistrictId":31,"PrecinctPortionId":54},{"DistrictId":31,"PrecinctPortionId":60},{"DistrictId":31,"PrecinctPortionId":97},{"DistrictId":31,"PrecinctPortionId":63},{"DistrictId":31,"PrecinctPortionId":64},{"DistrictId":31,"PrecinctPortionId":68},{"DistrictId":31,"PrecinctPortionId":71},{"DistrictId":31,"PrecinctPortionId":74},{"DistrictId":31,"PrecinctPortionId":75},{"DistrictId":31,"PrecinctPortionId":76},{"DistrictId":31,"PrecinctPortionId":81},{"DistrictId":31,"PrecinctPortionId":82},{"DistrictId":31,"PrecinctPortionId":86},{"DistrictId":31,"PrecinctPortionId":88},{"DistrictId":31,"PrecinctPortionId":89},{"DistrictId":31,"PrecinctPortionId":95},{"DistrictId":2,"PrecinctPortionId":2},{"DistrictId":2,"PrecinctPortionId":3},{"DistrictId":2,"PrecinctPortionId":4},{"DistrictId":2,"PrecinctPortionId":9},{"DistrictId":2,"PrecinctPortionId":12},{"DistrictId":2,"PrecinctPortionId":13},{"DistrictId":2,"PrecinctPortionId":14},{"DistrictId":2,"PrecinctPortionId":15},{"DistrictId":2,"PrecinctPortionId":16},{"DistrictId":2,"PrecinctPortionId":23},{"DistrictId":2,"PrecinctPortionId":24},{"DistrictId":2,"PrecinctPortionId":25},{"DistrictId":2,"PrecinctPortionId":26},{"DistrictId":2,"PrecinctPortionId":27},{"DistrictId":2,"PrecinctPortionId":34},{"DistrictId":2,"PrecinctPortionId":37},{"DistrictId":2,"PrecinctPortionId":38},{"DistrictId":2,"PrecinctPortionId":39},{"DistrictId":2,"PrecinctPortionId":44},{"DistrictId":2,"PrecinctPortionId":45},{"DistrictId":2,"PrecinctPortionId":46},{"DistrictId":2,"PrecinctPortionId":51},{"DistrictId":2,"PrecinctPortionId":52},{"DistrictId":2,"PrecinctPortionId":53},{"DistrictId":2,"PrecinctPortionId":54},{"DistrictId":2,"PrecinctPortionId":60},{"DistrictId":2,"PrecinctPortionId":97},{"DistrictId":2,"PrecinctPortionId":63},{"DistrictId":2,"PrecinctPortionId":64},{"DistrictId":2,"PrecinctPortionId":68},{"DistrictId":2,"PrecinctPortionId":71},{"DistrictId":2,"PrecinctPortionId":74},{"DistrictId":2,"PrecinctPortionId":75},{"DistrictId":2,"PrecinctPortionId":76},{"DistrictId":2,"PrecinctPortionId":81},{"DistrictId":2,"PrecinctPortionId":82},{"DistrictId":2,"PrecinctPortionId":86},{"DistrictId":2,"PrecinctPortionId":88},{"DistrictId":2,"PrecinctPortionId":89},{"DistrictId":2,"PrecinctPortionId":95},{"DistrictId":3,"PrecinctPortionId":2},{"DistrictId":3,"PrecinctPortionId":3},{"DistrictId":3,"PrecinctPortionId":4},{"DistrictId":3,"PrecinctPortionId":9},{"DistrictId":3,"PrecinctPortionId":12},{"DistrictId":3,"PrecinctPortionId":13},{"DistrictId":3,"PrecinctPortionId":14},{"DistrictId":3,"PrecinctPortionId":15},{"DistrictId":3,"PrecinctPortionId":16},{"DistrictId":3,"PrecinctPortionId":23},{"DistrictId":3,"PrecinctPortionId":24},{"DistrictId":3,"PrecinctPortionId":25},{"DistrictId":3,"PrecinctPortionId":26},{"DistrictId":3,"PrecinctPortionId":27},{"DistrictId":3,"PrecinctPortionId":34},{"DistrictId":3,"PrecinctPortionId":37},{"DistrictId":3,"PrecinctPortionId":38},{"DistrictId":3,"PrecinctPortionId":39},{"DistrictId":3,"PrecinctPortionId":44},{"DistrictId":3,"PrecinctPortionId":45},{"DistrictId":3,"PrecinctPortionId":46},{"DistrictId":3,"PrecinctPortionId":51},{"DistrictId":3,"PrecinctPortionId":52},{"DistrictId":3,"PrecinctPortionId":53},{"DistrictId":3,"PrecinctPortionId":54},{"DistrictId":3,"PrecinctPortionId":60},{"DistrictId":3,"PrecinctPortionId":97},{"DistrictId":3,"PrecinctPortionId":63},{"DistrictId":3,"PrecinctPortionId":64},{"DistrictId":3,"PrecinctPortionId":68},{"DistrictId":3,"PrecinctPortionId":71},{"DistrictId":3,"PrecinctPortionId":74},{"DistrictId":3,"PrecinctPortionId":75},{"DistrictId":3,"PrecinctPortionId":76},{"DistrictId":3,"PrecinctPortionId":81},{"DistrictId":3,"PrecinctPortionId":82},{"DistrictId":3,"PrecinctPortionId":86},{"DistrictId":3,"PrecinctPortionId":88},{"DistrictId":3,"PrecinctPortionId":89},{"DistrictId":3,"PrecinctPortionId":95},{"DistrictId":4,"PrecinctPortionId":2},{"DistrictId":4,"PrecinctPortionId":3},{"DistrictId":4,"PrecinctPortionId":4},{"DistrictId":4,"PrecinctPortionId":9},{"DistrictId":4,"PrecinctPortionId":12},{"DistrictId":4,"PrecinctPortionId":13},{"DistrictId":4,"PrecinctPortionId":14},{"DistrictId":4,"PrecinctPortionId":15},{"DistrictId":4,"PrecinctPortionId":16},{"DistrictId":4,"PrecinctPortionId":23},{"DistrictId":4,"PrecinctPortionId":24},{"DistrictId":4,"PrecinctPortionId":25},{"DistrictId":4,"PrecinctPortionId":26},{"DistrictId":4,"PrecinctPortionId":27},{"DistrictId":4,"PrecinctPortionId":34},{"DistrictId":4,"PrecinctPortionId":37},{"DistrictId":4,"PrecinctPortionId":38},{"DistrictId":4,"PrecinctPortionId":39},{"DistrictId":4,"PrecinctPortionId":44},{"DistrictId":4,"PrecinctPortionId":45},{"DistrictId":4,"PrecinctPortionId":46},{"DistrictId":4,"PrecinctPortionId":51},{"DistrictId":4,"PrecinctPortionId":52},{"DistrictId":4,"PrecinctPortionId":53},{"DistrictId":4,"PrecinctPortionId":54},{"DistrictId":4,"PrecinctPortionId":60},{"DistrictId":4,"PrecinctPortionId":97},{"DistrictId":4,"PrecinctPortionId":63},{"DistrictId":4,"PrecinctPortionId":64},{"DistrictId":4,"PrecinctPortionId":68},{"DistrictId":4,"PrecinctPortionId":71},{"DistrictId":4,"PrecinctPortionId":74},{"DistrictId":4,"PrecinctPortionId":75},{"DistrictId":4,"PrecinctPortionId":76},{"DistrictId":4,"PrecinctPortionId":81},{"DistrictId":4,"PrecinctPortionId":82},{"DistrictId":4,"PrecinctPortionId":86},{"DistrictId":4,"PrecinctPortionId":88},{"DistrictId":4,"PrecinctPortionId":89},{"DistrictId":4,"PrecinctPortionId":95},{"DistrictId":5,"PrecinctPortionId":3},{"DistrictId":5,"PrecinctPortionId":4},{"DistrictId":5,"PrecinctPortionId":9},{"DistrictId":5,"PrecinctPortionId":12},{"DistrictId":5,"PrecinctPortionId":13},{"DistrictId":5,"PrecinctPortionId":14},{"DistrictId":5,"PrecinctPortionId":15},{"DistrictId":5,"PrecinctPortionId":26},{"DistrictId":5,"PrecinctPortionId":27},{"DistrictId":5,"PrecinctPortionId":34},{"DistrictId":5,"PrecinctPortionId":37},{"DistrictId":5,"PrecinctPortionId":38},{"DistrictId":5,"PrecinctPortionId":39},{"DistrictId":5,"PrecinctPortionId":44},{"DistrictId":5,"PrecinctPortionId":60},{"DistrictId":5,"PrecinctPortionId":97},{"DistrictId":5,"PrecinctPortionId":71},{"DistrictId":5,"PrecinctPortionId":81},{"DistrictId":5,"PrecinctPortionId":82},{"DistrictId":5,"PrecinctPortionId":86},{"DistrictId":5,"PrecinctPortionId":88},{"DistrictId":5,"PrecinctPortionId":89},{"DistrictId":6,"PrecinctPortionId":2},{"DistrictId":6,"PrecinctPortionId":16},{"DistrictId":6,"PrecinctPortionId":23},{"DistrictId":6,"PrecinctPortionId":24},{"DistrictId":6,"PrecinctPortionId":25},{"DistrictId":6,"PrecinctPortionId":45},{"DistrictId":6,"PrecinctPortionId":46},{"DistrictId":6,"PrecinctPortionId":51},{"DistrictId":6,"PrecinctPortionId":52},{"DistrictId":6,"PrecinctPortionId":53},{"DistrictId":6,"PrecinctPortionId":54},{"DistrictId":6,"PrecinctPortionId":63},{"DistrictId":6,"PrecinctPortionId":64},{"DistrictId":6,"PrecinctPortionId":68},{"DistrictId":6,"PrecinctPortionId":74},{"DistrictId":6,"PrecinctPortionId":75},{"DistrictId":6,"PrecinctPortionId":76},{"DistrictId":6,"PrecinctPortionId":95},{"DistrictId":7,"PrecinctPortionId":2},{"DistrictId":7,"PrecinctPortionId":3},{"DistrictId":7,"PrecinctPortionId":4},{"DistrictId":7,"PrecinctPortionId":15},{"DistrictId":7,"PrecinctPortionId":34},{"DistrictId":7,"PrecinctPortionId":38},{"DistrictId":7,"PrecinctPortionId":60},{"DistrictId":7,"PrecinctPortionId":97},{"DistrictId":7,"PrecinctPortionId":63},{"DistrictId":7,"PrecinctPortionId":64},{"DistrictId":7,"PrecinctPortionId":71},{"DistrictId":7,"PrecinctPortionId":81},{"DistrictId":7,"PrecinctPortionId":82},{"DistrictId":8,"PrecinctPortionId":9},{"DistrictId":8,"PrecinctPortionId":12},{"DistrictId":8,"PrecinctPortionId":13},{"DistrictId":8,"PrecinctPortionId":14},{"DistrictId":8,"PrecinctPortionId":16},{"DistrictId":8,"PrecinctPortionId":23},{"DistrictId":8,"PrecinctPortionId":24},{"DistrictId":8,"PrecinctPortionId":25},{"DistrictId":8,"PrecinctPortionId":26},{"DistrictId":8,"PrecinctPortionId":27},{"DistrictId":8,"PrecinctPortionId":37},{"DistrictId":8,"PrecinctPortionId":39},{"DistrictId":8,"PrecinctPortionId":44},{"DistrictId":8,"PrecinctPortionId":45},{"DistrictId":8,"PrecinctPortionId":46},{"DistrictId":8,"PrecinctPortionId":51},{"DistrictId":8,"PrecinctPortionId":52},{"DistrictId":8,"PrecinctPortionId":68},{"DistrictId":8,"PrecinctPortionId":86},{"DistrictId":8,"PrecinctPortionId":88},{"DistrictId":8,"PrecinctPortionId":89},{"DistrictId":8,"PrecinctPortionId":95},{"DistrictId":9,"PrecinctPortionId":53},{"DistrictId":9,"PrecinctPortionId":54},{"DistrictId":9,"PrecinctPortionId":74},{"DistrictId":9,"PrecinctPortionId":75},{"DistrictId":9,"PrecinctPortionId":76},{"DistrictId":10,"PrecinctPortionId":2},{"DistrictId":10,"PrecinctPortionId":3},{"DistrictId":10,"PrecinctPortionId":4},{"DistrictId":10,"PrecinctPortionId":9},{"DistrictId":10,"PrecinctPortionId":12},{"DistrictId":10,"PrecinctPortionId":13},{"DistrictId":10,"PrecinctPortionId":14},{"DistrictId":10,"PrecinctPortionId":15},{"DistrictId":10,"PrecinctPortionId":16},{"DistrictId":10,"PrecinctPortionId":23},{"DistrictId":10,"PrecinctPortionId":24},{"DistrictId":10,"PrecinctPortionId":25},{"DistrictId":10,"PrecinctPortionId":26},{"DistrictId":10,"PrecinctPortionId":27},{"DistrictId":10,"PrecinctPortionId":34},{"DistrictId":10,"PrecinctPortionId":37},{"DistrictId":10,"PrecinctPortionId":38},{"DistrictId":10,"PrecinctPortionId":39},{"DistrictId":10,"PrecinctPortionId":44},{"DistrictId":10,"PrecinctPortionId":45},{"DistrictId":10,"PrecinctPortionId":46},{"DistrictId":10,"PrecinctPortionId":51},{"DistrictId":10,"PrecinctPortionId":52},{"DistrictId":10,"PrecinctPortionId":53},{"DistrictId":10,"PrecinctPortionId":54},{"DistrictId":10,"PrecinctPortionId":60},{"DistrictId":10,"PrecinctPortionId":97},{"DistrictId":10,"PrecinctPortionId":63},{"DistrictId":10,"PrecinctPortionId":64},{"DistrictId":10,"PrecinctPortionId":68},{"DistrictId":10,"PrecinctPortionId":71},{"DistrictId":10,"PrecinctPortionId":74},{"DistrictId":10,"PrecinctPortionId":75},{"DistrictId":10,"PrecinctPortionId":76},{"DistrictId":10,"PrecinctPortionId":81},{"DistrictId":10,"PrecinctPortionId":82},{"DistrictId":10,"PrecinctPortionId":86},{"DistrictId":10,"PrecinctPortionId":88},{"DistrictId":10,"PrecinctPortionId":89},{"DistrictId":10,"PrecinctPortionId":95},{"DistrictId":11,"PrecinctPortionId":2},{"DistrictId":11,"PrecinctPortionId":3},{"DistrictId":11,"PrecinctPortionId":4},{"DistrictId":11,"PrecinctPortionId":9},{"DistrictId":11,"PrecinctPortionId":12},{"DistrictId":11,"PrecinctPortionId":13},{"DistrictId":11,"PrecinctPortionId":14},{"DistrictId":11,"PrecinctPortionId":15},{"DistrictId":11,"PrecinctPortionId":16},{"DistrictId":11,"PrecinctPortionId":23},{"DistrictId":11,"PrecinctPortionId":24},{"DistrictId":11,"PrecinctPortionId":25},{"DistrictId":11,"PrecinctPortionId":26},{"DistrictId":11,"PrecinctPortionId":27},{"DistrictId":11,"PrecinctPortionId":34},{"DistrictId":11,"PrecinctPortionId":37},{"DistrictId":11,"PrecinctPortionId":38},{"DistrictId":11,"PrecinctPortionId":39},{"DistrictId":11,"PrecinctPortionId":44},{"DistrictId":11,"PrecinctPortionId":45},{"DistrictId":11,"PrecinctPortionId":46},{"DistrictId":11,"PrecinctPortionId":51},{"DistrictId":11,"PrecinctPortionId":52},{"DistrictId":11,"PrecinctPortionId":53},{"DistrictId":11,"PrecinctPortionId":54},{"DistrictId":11,"PrecinctPortionId":60},{"DistrictId":11,"PrecinctPortionId":97},{"DistrictId":11,"PrecinctPortionId":63},{"DistrictId":11,"PrecinctPortionId":64},{"DistrictId":11,"PrecinctPortionId":68},{"DistrictId":11,"PrecinctPortionId":71},{"DistrictId":11,"PrecinctPortionId":74},{"DistrictId":11,"PrecinctPortionId":75},{"DistrictId":11,"PrecinctPortionId":76},{"DistrictId":11,"PrecinctPortionId":81},{"DistrictId":11,"PrecinctPortionId":82},{"DistrictId":11,"PrecinctPortionId":86},{"DistrictId":11,"PrecinctPortionId":88},{"DistrictId":11,"PrecinctPortionId":89},{"DistrictId":11,"PrecinctPortionId":95},{"DistrictId":12,"PrecinctPortionId":2},{"DistrictId":12,"PrecinctPortionId":3},{"DistrictId":12,"PrecinctPortionId":4},{"DistrictId":12,"PrecinctPortionId":9},{"DistrictId":12,"PrecinctPortionId":12},{"DistrictId":12,"PrecinctPortionId":13},{"DistrictId":12,"PrecinctPortionId":14},{"DistrictId":12,"PrecinctPortionId":15},{"DistrictId":12,"PrecinctPortionId":16},{"DistrictId":12,"PrecinctPortionId":23},{"DistrictId":12,"PrecinctPortionId":24},{"DistrictId":12,"PrecinctPortionId":25},{"DistrictId":12,"PrecinctPortionId":26},{"DistrictId":12,"PrecinctPortionId":27},{"DistrictId":12,"PrecinctPortionId":34},{"DistrictId":12,"PrecinctPortionId":37},{"DistrictId":12,"PrecinctPortionId":38},{"DistrictId":12,"PrecinctPortionId":39},{"DistrictId":12,"PrecinctPortionId":44},{"DistrictId":12,"PrecinctPortionId":45},{"DistrictId":12,"PrecinctPortionId":46},{"DistrictId":12,"PrecinctPortionId":51},{"DistrictId":12,"PrecinctPortionId":52},{"DistrictId":12,"PrecinctPortionId":53},{"DistrictId":12,"PrecinctPortionId":54},{"DistrictId":12,"PrecinctPortionId":60},{"DistrictId":12,"PrecinctPortionId":97},{"DistrictId":12,"PrecinctPortionId":63},{"DistrictId":12,"PrecinctPortionId":64},{"DistrictId":12,"PrecinctPortionId":68},{"DistrictId":12,"PrecinctPortionId":71},{"DistrictId":12,"PrecinctPortionId":74},{"DistrictId":12,"PrecinctPortionId":75},{"DistrictId":12,"PrecinctPortionId":76},{"DistrictId":12,"PrecinctPortionId":81},{"DistrictId":12,"PrecinctPortionId":82},{"DistrictId":12,"PrecinctPortionId":86},{"DistrictId":12,"PrecinctPortionId":88},{"DistrictId":12,"PrecinctPortionId":89},{"DistrictId":12,"PrecinctPortionId":95},{"DistrictId":13,"PrecinctPortionId":38},{"DistrictId":13,"PrecinctPortionId":39},{"DistrictId":13,"PrecinctPortionId":71},{"DistrictId":13,"PrecinctPortionId":81},{"DistrictId":13,"PrecinctPortionId":82},{"DistrictId":13,"PrecinctPortionId":88},{"DistrictId":14,"PrecinctPortionId":9},{"DistrictId":14,"PrecinctPortionId":37},{"DistrictId":14,"PrecinctPortionId":44},{"DistrictId":14,"PrecinctPortionId":45},{"DistrictId":14,"PrecinctPortionId":46},{"DistrictId":14,"PrecinctPortionId":74},{"DistrictId":14,"PrecinctPortionId":86},{"DistrictId":14,"PrecinctPortionId":95},{"DistrictId":15,"PrecinctPortionId":34},{"DistrictId":15,"PrecinctPortionId":97},{"DistrictId":16,"PrecinctPortionId":51},{"DistrictId":16,"PrecinctPortionId":52},{"DistrictId":16,"PrecinctPortionId":53},{"DistrictId":16,"PrecinctPortionId":54},{"DistrictId":16,"PrecinctPortionId":68},{"DistrictId":16,"PrecinctPortionId":75},{"DistrictId":16,"PrecinctPortionId":76},{"DistrictId":16,"PrecinctPortionId":89},{"DistrictId":17,"PrecinctPortionId":2},{"DistrictId":17,"PrecinctPortionId":3},{"DistrictId":17,"PrecinctPortionId":4},{"DistrictId":17,"PrecinctPortionId":60},{"DistrictId":17,"PrecinctPortionId":63},{"DistrictId":17,"PrecinctPortionId":64},{"DistrictId":18,"PrecinctPortionId":3},{"DistrictId":19,"PrecinctPortionId":12},{"DistrictId":19,"PrecinctPortionId":13},{"DistrictId":19,"PrecinctPortionId":14},{"DistrictId":19,"PrecinctPortionId":15},{"DistrictId":19,"PrecinctPortionId":16},{"DistrictId":19,"PrecinctPortionId":23},{"DistrictId":19,"PrecinctPortionId":24},{"DistrictId":19,"PrecinctPortionId":25},{"DistrictId":19,"PrecinctPortionId":26},{"DistrictId":19,"PrecinctPortionId":27},{"DistrictId":20,"PrecinctPortionId":45},{"DistrictId":21,"PrecinctPortionId":51},{"DistrictId":21,"PrecinctPortionId":54},{"DistrictId":22,"PrecinctPortionId":64},{"DistrictId":23,"PrecinctPortionId":75},{"DistrictId":24,"PrecinctPortionId":81},{"DistrictId":25,"PrecinctPortionId":12},{"DistrictId":26,"PrecinctPortionId":13},{"DistrictId":26,"PrecinctPortionId":16},{"DistrictId":27,"PrecinctPortionId":23},{"DistrictId":28,"PrecinctPortionId":24},{"DistrictId":28,"PrecinctPortionId":26},{"DistrictId":29,"PrecinctPortionId":25},{"DistrictId":29,"PrecinctPortionId":27},{"DistrictId":30,"PrecinctPortionId":14},{"DistrictId":30,"PrecinctPortionId":15}]}