{"Version":"5.5.12.1","List":[{"Description":"Adairsville ICP","Id":10,"VotingLocationNumber":10,"VotingLocationName":"Adairsville","ExternalId":"008025","Type":"ImagecastPrecinct","ThresholdMin":10,"ThresholdMax":20,"WriteThresholdMin":10,"WriteThresholdMax":20},{"Description":"Allatoona ICP","Id":30,"VotingLocationNumber":20,"VotingLocationName":"Allatoona","ExternalId":"008003","Type":"ImagecastPrecinct","ThresholdMin":10,"ThresholdMax":20,"WriteThresholdMin":10,"WriteThresholdMax":20},{"Description":"Cartersville East ICP","Id":50,"VotingLocationNumber":30,"VotingLocationName":"Cartersville East","ExternalId":"008016","Type":"ImagecastPrecinct","ThresholdMin":10,"ThresholdMax":20,"WriteThresholdMin":10,"WriteThresholdMax":20},{"Description":"Cartersville West ICP","Id":80,"VotingLocationNumber":40,"VotingLocationName":"Cartersville West","ExternalId":"008006","Type":"ImagecastPrecinct","ThresholdMin":10,"ThresholdMax":20,"WriteThresholdMin":10,"WriteThresholdMax":20},{"Description":"Cassville ICP","Id":110,"VotingLocationNumber":50,"VotingLocationName":"Cassville","ExternalId":"008005","Type":"ImagecastPrecinct","ThresholdMin":10,"ThresholdMax":20,"WriteThresholdMin":10,"WriteThresholdMax":20},{"Description":"Center ICP","Id":140,"VotingLocationNumber":60,"VotingLocationName":"Center","ExternalId":"008008","Type":"ImagecastPrecinct","ThresholdMin":10,"ThresholdMax":20,"WriteThresholdMin":10,"WriteThresholdMax":20},{"Description":"Emerson ICP","Id":160,"VotingLocationNumber":70,"VotingLocationName":"Emerson","ExternalId":"008009","Type":"ImagecastPrecinct","ThresholdMin":10,"ThresholdMax":20,"WriteThresholdMin":10,"WriteThresholdMax":20},{"Description":"Euharlee ICP","Id":170,"VotingLocationNumber":80,"VotingLocationName":"Euharlee","ExternalId":"008010","Type":"ImagecastPrecinct","ThresholdMin":10,"ThresholdMax":20,"WriteThresholdMin":10,"WriteThresholdMax":20},{"Description":"Folsom ICP","Id":190,"VotingLocationNumber":90,"VotingLocationName":"Folsom","ExternalId":"008011","Type":"ImagecastPrecinct","ThresholdMin":10,"ThresholdMax":20,"WriteThresholdMin":10,"WriteThresholdMax":20},{"Description":"Hamilton Crossing ICP","Id":195,"VotingLocationNumber":220,"VotingLocationName":"Hamilton Crossing","ExternalId":"","Type":"ImagecastPrecinct","ThresholdMin":10,"ThresholdMax":20,"WriteThresholdMin":10,"WriteThresholdMax":20},{"Description":"Kingston ICP","Id":200,"VotingLocationNumber":100,"VotingLocationName":"Kingston","ExternalId":"008012","Type":"ImagecastPrecinct","ThresholdMin":10,"ThresholdMax":20,"WriteThresholdMin":10,"WriteThresholdMax":20},{"Description":"Mission Road ICP","Id":210,"VotingLocationNumber":110,"VotingLocationName":"Mission Road","ExternalId":"008030","Type":"ImagecastPrecinct","ThresholdMin":10,"ThresholdMax":20,"WriteThresholdMin":10,"WriteThresholdMax":20},{"Description":"Pine Log ICP","Id":220,"VotingLocationNumber":120,"VotingLocationName":"Pine Log","ExternalId":"008026","Type":"ImagecastPrecinct","ThresholdMin":10,"ThresholdMax":20,"WriteThresholdMin":10,"WriteThresholdMax":20},{"Description":"Taylorsville ICP","Id":230,"VotingLocationNumber":130,"VotingLocationName":"Taylorsville","ExternalId":"008019","Type":"ImagecastPrecinct","ThresholdMin":10,"ThresholdMax":20,"WriteThresholdMin":10,"WriteThresholdMax":20},{"Description":"White ICP","Id":240,"VotingLocationNumber":140,"VotingLocationName":"White","ExternalId":"008028","Type":"ImagecastPrecinct","ThresholdMin":10,"ThresholdMax":20,"WriteThresholdMin":10,"WriteThresholdMax":20},{"Description":"Zena Drive ICP","Id":250,"VotingLocationNumber":150,"VotingLocationName":"Zena Drive","ExternalId":"008023","Type":"ImagecastPrecinct","ThresholdMin":10,"ThresholdMax":20,"WriteThresholdMin":10,"WriteThresholdMax":20},{"Description":"Woodland ICP","Id":270,"VotingLocationNumber":160,"VotingLocationName":"Woodland","ExternalId":"008029","Type":"ImagecastPrecinct","ThresholdMin":10,"ThresholdMax":20,"WriteThresholdMin":10,"WriteThresholdMax":20},{"Description":"AV-VR Office ICP","Id":280,"VotingLocationNumber":170,"VotingLocationName":"VR Office","ExternalId":"99001","Type":"ImagecastPrecinct","ThresholdMin":10,"ThresholdMax":20,"WriteThresholdMin":10,"WriteThresholdMax":20},{"Description":"AV-Civic Center ICP","Id":290,"VotingLocationNumber":180,"VotingLocationName":"Civic Center","ExternalId":"99002","Type":"ImagecastPrecinct","ThresholdMin":10,"ThresholdMax":20,"WriteThresholdMin":10,"WriteThresholdMax":20},{"Description":"AV-Advance North ICP","Id":310,"VotingLocationNumber":190,"VotingLocationName":"Advance North","ExternalId":"99003","Type":"ImagecastPrecinct","ThresholdMin":10,"ThresholdMax":20,"WriteThresholdMin":10,"WriteThresholdMax":20},{"Description":"AV-Advance South ICP","Id":320,"VotingLocationNumber":200,"VotingLocationName":"Advance South","ExternalId":"99004","Type":"ImagecastPrecinct","ThresholdMin":10,"ThresholdMax":20,"WriteThresholdMin":10,"WriteThresholdMax":20},{"Description":"Absentee By Mail ICC","Id":530,"VotingLocationNumber":170,"VotingLocationName":"VR Office","ExternalId":"99010","Type":"ImagecastCentral","ThresholdMin":10,"ThresholdMax":20,"WriteThresholdMin":10,"WriteThresholdMax":20},{"Description":"Provisional ICC","Id":540,"VotingLocationNumber":170,"VotingLocationName":"VR Office","ExternalId":"99020","Type":"ImagecastCentral","ThresholdMin":10,"ThresholdMax":20,"WriteThresholdMin":10,"WriteThresholdMax":20},{"Description":"Election Day Central ICP 1","Id":550,"VotingLocationNumber":210,"VotingLocationName":"Election Day Central","ExternalId":"","Type":"ImagecastPrecinct","ThresholdMin":10,"ThresholdMax":20,"WriteThresholdMin":10,"WriteThresholdMax":20},{"Description":"Election Day Central ICP 2","Id":560,"VotingLocationNumber":210,"VotingLocationName":"Election Day Central","ExternalId":"","Type":"ImagecastPrecinct","ThresholdMin":10,"ThresholdMax":20,"WriteThresholdMin":10,"WriteThresholdMax":20},{"Description":"Bartow BMD","Id":570,"VotingLocationNumber":210,"VotingLocationName":"Election Day Central","ExternalId":"","Type":"ImagecastX","ThresholdMin":0,"ThresholdMax":0,"WriteThresholdMin":0,"WriteThresholdMax":0},{"Description":"Adairsville ICP 2","Id":15,"VotingLocationNumber":10,"VotingLocationName":"Adairsville","ExternalId":"","Type":"ImagecastPrecinct","ThresholdMin":10,"ThresholdMax":20,"WriteThresholdMin":10,"WriteThresholdMax":20},{"Description":"Allatoona ICP 2","Id":35,"VotingLocationNumber":20,"VotingLocationName":"Allatoona","ExternalId":"","Type":"ImagecastPrecinct","ThresholdMin":10,"ThresholdMax":20,"WriteThresholdMin":10,"WriteThresholdMax":20},{"Description":"Cartersville East ICP 2","Id":55,"VotingLocationNumber":30,"VotingLocationName":"Cartersville East","ExternalId":"","Type":"ImagecastPrecinct","ThresholdMin":10,"ThresholdMax":20,"WriteThresholdMin":10,"WriteThresholdMax":20},{"Description":"Cartersville West ICP 2","Id":85,"VotingLocationNumber":40,"VotingLocationName":"Cartersville West","ExternalId":"","Type":"ImagecastPrecinct","ThresholdMin":10,"ThresholdMax":20,"WriteThresholdMin":10,"WriteThresholdMax":20},{"Description":"Cartersville West ICP 3","Id":90,"VotingLocationNumber":40,"VotingLocationName":"Cartersville West","ExternalId":"","Type":"ImagecastPrecinct","ThresholdMin":10,"ThresholdMax":20,"WriteThresholdMin":10,"WriteThresholdMax":20},{"Description":"Cassville ICP 2","Id":115,"VotingLocationNumber":50,"VotingLocationName":"Cassville","ExternalId":"","Type":"ImagecastPrecinct","ThresholdMin":10,"ThresholdMax":20,"WriteThresholdMin":10,"WriteThresholdMax":20},{"Description":"Center ICP 2","Id":145,"VotingLocationNumber":60,"VotingLocationName":"Center","ExternalId":"","Type":"ImagecastPrecinct","ThresholdMin":10,"ThresholdMax":20,"WriteThresholdMin":10,"WriteThresholdMax":20},{"Description":"Euharlee ICP 2","Id":175,"VotingLocationNumber":80,"VotingLocationName":"Euharlee","ExternalId":"","Type":"ImagecastPrecinct","ThresholdMin":10,"ThresholdMax":20,"WriteThresholdMin":10,"WriteThresholdMax":20},{"Description":"Hamilton Crossing ICP 2","Id":196,"VotingLocationNumber":220,"VotingLocationName":"Hamilton Crossing","ExternalId":"","Type":"ImagecastPrecinct","ThresholdMin":10,"ThresholdMax":20,"WriteThresholdMin":10,"WriteThresholdMax":20},{"Description":"Mission Road ICP 2","Id":215,"VotingLocationNumber":110,"VotingLocationName":"Mission Road","ExternalId":"","Type":"ImagecastPrecinct","ThresholdMin":10,"ThresholdMax":20,"WriteThresholdMin":10,"WriteThresholdMax":20},{"Description":"Zena Drive ICP 2","Id":255,"VotingLocationNumber":150,"VotingLocationName":"Zena Drive","ExternalId":"","Type":"ImagecastPrecinct","ThresholdMin":10,"ThresholdMax":20,"WriteThresholdMin":10,"WriteThresholdMax":20},{"Description":"AV-Civic Center ICP 2","Id":295,"VotingLocationNumber":180,"VotingLocationName":"Civic Center","ExternalId":"","Type":"ImagecastPrecinct","ThresholdMin":10,"ThresholdMax":20,"WriteThresholdMin":10,"WriteThresholdMax":20},{"Description":"AV-VR Office ICP 2","Id":285,"VotingLocationNumber":170,"VotingLocationName":"VR Office","ExternalId":"","Type":"ImagecastPrecinct","ThresholdMin":10,"ThresholdMax":20,"WriteThresholdMin":10,"WriteThresholdMax":20}]}